first_name,last_name,email,country,signup_date
Matthew,Ramirez,rachel34@example.org,Ireland,2024-02-11
Matthew,Molina,jessica67@example.com,canada,2023-02-27
Joseph,Mejia,andrewwright@example.com,Canada,2024-12-23
Dana,Baird,starkamanda@example.net,Spain,2023-04-29
Ronald,James,pshah@example.com,France,2024-10-29
John,May,phillipsrobert@example.com,Germany,2025-08-13
Ann,Morales,matthew92@example.org,UK,2024-10-25
William,Chapman,nwhite@example.com,UK,2025-04-15
Jennifer,Doyle,stacey69@example.com,Australia,2024-06-25
Amber,Ray,,France,2023-01-22
Jonathan,Anderson,lwilkinson@example.org,Ireland,2023-07-26
Christopher,Padilla,matthewdouglas@example.net,USA,2025-06-28
Tiffany,Martin,markmoses@example.net,Canada,2025-11-30
Elizabeth,Park,ahouse@example.com,Germany,2024-02-22
Rachael,Barr,coryvincent@example.com,usa,2024-01-24
Samuel,Carter,kevin53@example.com,Germany,2025-04-05
Robert,Patrick,ibryant@example.net,UK,2024-10-28
Michael,Benton,santiagorichard@example.com,USA,2025-07-06
Chad,Fitzpatrick,michael56@example.org,USA,2025-05-30
Zachary,Cooper,gloverkathryn@example.org,Germany,2025-07-04
Alexandria,Williams,hayesshawn@example.net,France,2025-06-21
Morgan,Ross,donald10@example.org,Australia,2024-03-22
Bryan,Smith,amanda77@example.org,USA,2025-05-23
David,English,guzmanchristopher@example.org,France,2023-12-10
Kendra,Cole,kelly71@example.net,UK,2023-09-21
Kendra,Garrett,nicolevargas@example.com,Ireland,2024-07-13
Tammy,Aguilar,colejennifer@example.org,Ireland,2023-06-12
Travis,Warren,oholden@example.com,Canada,2025-03-23
David,Maynard,vmorgan@example.com,UK,2024-02-27
Jane,Mendez,stewartkimberly@example.org,UK,2024-06-08
Theresa,Nguyen,dennis52@example.com,UK,2024-10-31
Todd,Mccarty,zmcguire@example.net,germany,2025-12-29
Amanda,Fisher,ashleyfernandez@example.org,UK,2023-05-14
Brandy,Hansen,simspatricia@example.com,Spain,2023-09-09
Ryan,Jones,dawnleonard@example.org,Australia,2024-04-04
Patricia,Green,carolineowens@example.org,Spain,2024-04-23
Timothy,Jones,mwright@example.net,France,2025-07-15
Justin,Daniels,millershawn@example.com,UK,2023-08-07
Adam,Mcgee,pashley@example.net,Germany,2023-03-21
Kaitlyn,Salas,oscar62@example.com,USA,2025-06-05
Catherine,Riley,isabel93@example.org,USA,2024-08-01
Rebekah,Ruiz,eduran@example.org,Germany,2024-07-31
John,Kim,brandon20@example.net,France,2025-01-12
Sean,Miller,vfleming@example.com,France,2025-12-05
Julie,Smith,michelle03@example.com,France,2024-07-26
Miguel,Lambert,laurarichard@example.net,UK,2024-12-26
Vincent,Adams,kevin79@example.org,Germany,2025-03-15
Amanda,Sparks,rowesharon@example.org,Spain,2025-11-08
Kenneth,Kelly,kwoods@example.net,Germany,2023-09-29
Erika,Carr,danieldunn@example.com,Ireland,2024-02-09
Matthew,Roy,jwhitehead@example.net,France,2025-03-14
Michael,Jones,agreen@example.org,USA,2023-08-24
Julia,Eaton,lbyrd@example.net,Spain,2023-07-08
Jessica,Savage,lunaashley@example.org,USA,2025-08-19
George,Simmons,brandonwillis@example.org,ireland,2024-05-30
Alyssa,Holden,alyssa37@example.com,France,2023-02-14
Beth,Williams,joel43@example.net,Germany,2024-10-23
Chris,Montoya,scrawford@example.org,Germany,2023-10-18
Jason,Hubbard,tina14@example.com,Spain,2024-10-25
Suzanne,Smith,william25@example.com,Canada,2023-06-04
Joseph,Rocha,meghan14@example.org,Australia,2023-07-28
Alexis,Lopez,stephen17@example.org,USA,2023-06-19
Dakota,Carson,terrymary@example.net,Ireland,2023-01-11
Nicholas,Johnson,johnsonmichael@example.com,Ireland,2025-05-04
Cheryl,Huff,frances36@example.org,Germany,2024-07-17
Bradley,Boyle,avega@example.net,USA,2024-12-25
Anthony,Zimmerman,vwilliams@example.net,Australia,2024-04-19
Molly,Morris,bradley46@example.org,Canada,2024-12-19
Jeffrey,Miller,singletondavid@example.org,Canada,2023-09-30
Judith,Robinson,,France,2025-06-23
Brian,Williams,zvalenzuela@example.net,australia,2024-06-10
Laura,Scott,ayoung@example.com,Germany,2025-12-21
Timothy,Hall,bjohns@example.com,Canada,2024-10-30
Erin,Galloway,burtonwilliam@example.com,Germany,2023-05-16
Christine,Cooper,ysimon@example.net,UK,2023-06-30
Anthony,Johnson,henryrogers@example.net,Spain,2023-11-19
Jonathan,Estes,  ricardoschneider@example.com  ,USA,2025-05-25
Amanda,Morton,johnlopez@example.org,UK,2023-02-12
Julia,Combs,monica02@example.net,Australia,2024-05-06
Jessica,Taylor,traviswheeler@example.org,UK,2025-12-17
Jason,Nichols,richardgreer@example.org,USA,2025-03-01
Craig,Norton,urodriguez@example.com,France,2024-06-10
Shelly,Morrow,jeffreysmith@example.net,Spain,2023-10-29
Shirley,Hall,  stephaniebailey@example.com  ,Germany,2023-12-24
Shawn,Owen,millerjeremiah@example.net,UK,2025-04-17
Mary,Montgomery,michael97@example.org,UK,2023-02-13
Veronica,Woods,douglas03@example.com,Canada,2024-05-09
Frank,Mason,david53@example.org,UK,2024-03-27
Amber,Pope,stephenhardin@example.org,UK,2024-12-15
James,Haynes,chanmelinda@example.com,UK,2024-03-29
William,Cruz,steven44@example.com,Spain,2025-06-06
Kimberly,Marshall,xflores@example.net,Australia,2025-06-05
Hannah,Bernard,  robertowens@example.org  ,Spain,2025-02-06
William,Tyler,yoderveronica@example.com,USA,2025-07-29
Shane,Davenport,vaughanbrittany@example.com,Ireland,2025-05-08
Richard,Williams,joannelarson@example.org,Australia,2025-05-25
Krista,Shepherd,ymorgan@example.com,Australia,2024-07-01
Shari,Mccoy,akelly@example.org,Canada,2023-08-08
Kristen,Caldwell,roweamber@example.com,uk,2023-08-27
Jenny,Kim,alvarezjohn@example.org,Germany,2023-02-07
Beth,Holmes,,UK,2025-10-09
Amanda,Marks,elizabeth11@example.net,Australia,2025-06-20
Kristin,Hall,rlarsen@example.net,Ireland,2023-08-01
Brooke,Adkins,david24@example.com,Spain,2023-10-27
Victor,Hamilton,williamssarah@example.net,France,2024-09-18
Bethany,Patrick,stephen91@example.com,Ireland,2025-10-12
Vincent,Malone,qbright@example.com,Ireland,2025-01-06
James,Craig,kathy59@example.net,Australia,2023-12-13
Andrew,Rodriguez,vholloway@example.com,Australia,2025-12-06
Kyle,Ortiz,denise04@example.com,Australia,2024-12-03
Jon,Castro,johnnywarren@example.org,Ireland,2023-07-27
Timothy,Martinez,rcruz@example.org,france,2025-08-21
Wendy,Bernard,john13@example.net,Spain,2024-10-31
David,Parker,ofleming@example.net,france,2024-07-30
Ariana,Gallagher,nlopez@example.net,USA,2023-02-06
David,Orozco,ddominguez@example.com,USA,2023-05-27
Jessica,Cole,zjoseph@example.org,UK,2024-12-08
Jamie,Mills,vdavis@example.org,Germany,2024-08-06
Jason,Mathews,william37@example.net,Germany,2023-02-09
Laurie,Marsh,simsmichael@example.net,USA,2023-04-14
Bruce,Fowler,lambertjerome@example.com,Australia,2024-10-01
Colleen,Parker,marywilliams@example.com,Germany,2023-04-16
Debbie,Swanson,harold96@example.org,France,2024-12-29
Ralph,Hicks,michaelduke@example.org,Ireland,2024-05-22
Joseph,Hernandez,lawrencechristine@example.org,Ireland,2023-05-21
Joshua,Wells,beverlysweeney@example.org,Germany,2024-03-27
Danielle,Moore,edwardscott@example.com,Canada,2025-02-28
Carlos,Chapman,shanewilliams@example.org,France,2024-12-14
Misty,Carter,joneshannah@example.com,Canada,2025-06-24
Rebecca,Buckley,duane84@example.com,Ireland,2025-04-10
Cindy,Cuevas,wmoore@example.org,Spain,2023-06-11
Jonathan,Phillips,christophernoble@example.com,germany,2024-06-19
Christopher,Hughes,aprilsingh@example.net,Ireland,2023-08-06
Michael,Mcdonald,  robinsonjames@example.net  ,Germany,2025-04-08
Ray,Evans,bhill@example.com,USA,2024-12-12
Randy,Kemp,jeremy71@example.net,Germany,2023-01-09
Alison,York,  cheryl23@example.org  ,Spain,2025-03-30
Jessica,Lewis,westgeoffrey@example.net,USA,2024-09-21
Brenda,Aguilar,kellychristy@example.com,Ireland,2025-03-11
Lisa,Martin,cristian98@example.net,Australia,2023-09-02
Jimmy,Mitchell,idavis@example.net,France,2024-05-02
Linda,Silva,ocraig@example.net,Germany,2024-12-29
Susan,Rodriguez,bgreene@example.com,Spain,2023-06-18
Christine,Schneider,qwright@example.com,Australia,2024-05-11
Robert,Flores,derrickjohnson@example.net,Canada,2025-11-20
Jessica,Riggs,samuelball@example.com,UK,2023-12-30
Gregory,Johnson,brittany65@example.net,Germany,2024-04-26
John,Lindsey,collinsmichelle@example.com,Canada,2024-11-09
Charles,Russell,rdavid@example.com,Germany,2025-10-10
Shannon,Higgins,rose12@example.org,Australia,2025-01-10
Melissa,Weeks,bensonmeghan@example.net,Spain,2025-03-12
Justin,Thomas,sotojulia@example.org,USA,2023-09-02
Thomas,Wilson,browncody@example.net,Germany,2025-11-18
Ian,Patterson,briggsabigail@example.com,UK,2025-11-25
Julie,Nelson,evalentine@example.org,Canada,2023-10-28
Michelle,Kennedy,daniel70@example.net,Spain,2024-08-28
James,Downs,  evansterri@example.org  ,UK,2023-02-12
Tyler,Smith,madeline59@example.org,Ireland,2023-01-15
Chelsea,Lee,boothkayla@example.org,Ireland,2024-06-27
Lisa,Strickland,kimberlytorres@example.org,usa,2023-04-16
Julie,Thomas,michaelcruz@example.com,Canada,2025-10-20
Chloe,Rose,kristenthompson@example.net,France,2025-10-19
Jasmine,Ayers,karenhayes@example.org,Spain,2023-08-27
Bradley,Kim,cindyrose@example.org,France,2024-04-12
Robin,Young,eberry@example.org,Germany,2023-12-04
Daniel,Franklin,hendersonjohn@example.net,UK,2023-05-11
Mary,Navarro,ldavis@example.org,Ireland,2025-02-25
Paige,Moore,griffithann@example.org,USA,2025-05-19
Stuart,Lewis,,UK,2023-08-05
Troy,Bautista,aruiz@example.net,Australia,2023-12-27
Gloria,Martin,susanserrano@example.net,ireland,2023-06-23
Anthony,Jimenez,ywright@example.net,UK,2023-03-28
Mark,Gordon,elizabethkrueger@example.com,Ireland,2025-01-16
Derrick,Luna,wendydavis@example.org,France,2024-01-03
Tanner,Stanley,mauricemiller@example.com,Canada,2024-11-19
Brooke,Allen,castillojohn@example.net,USA,2023-10-25
Heather,Gutierrez,tgibbs@example.org,USA,2025-04-08
Brittany,Sanchez,nharris@example.org,Australia,2024-08-09
Diane,Higgins,ycarter@example.com,USA,2024-09-27
Andrew,Nelson,john84@example.net,USA,2024-09-14
James,Reed,cdaniels@example.org,Canada,2023-10-18
Amanda,Walters,xwade@example.net,usa,2023-04-14
Caitlyn,Herman,johnsonjennifer@example.org,Ireland,2024-11-26
James,White,joshuaknapp@example.org,Ireland,2023-07-17
Robert,Thompson,lauriephillips@example.org,Spain,2024-10-01
Julie,Burke,garybuchanan@example.com,USA,2025-01-02
Haley,Washington,lgriffith@example.org,USA,2025-12-31
Chase,Nelson,kelseyfrey@example.org,UK,2025-06-25
Sarah,Rogers,vincent41@example.org,Germany,2025-09-06
Mark,Walsh,ojohnson@example.com,Australia,2025-10-02
Jennifer,Mitchell,stephenwest@example.com,Canada,2023-12-06
Craig,Chase,  kurtholland@example.net  ,Spain,2025-12-24
Kimberly,Henry,fwilliams@example.com,USA,2023-08-20
Xavier,Beard,  williamhuang@example.com  ,USA,2025-05-09
Justin,Anderson,rlopez@example.org,Germany,2024-01-30
Diane,Massey,sabrina02@example.com,France,2024-02-28
Elizabeth,Scott,bradyamanda@example.net,Canada,2025-02-15
Francisco,Trevino,kellyanthony@example.com,France,2023-04-12
Daniel,Mcgrath,ethomas@example.org,Germany,2023-09-24
Michael,Preston,haroldburnett@example.com,Germany,2023-06-05
Joseph,Chapman,rodneymartin@example.net,France,2023-12-07
Ethan,Mcdaniel,amberbarnes@example.net,Germany,2024-12-16
Rebekah,Davis,charles63@example.net,Spain,2024-03-23
Timothy,Parrish,nlawrence@example.com,Spain,2023-10-25
Lauren,Reed,toddsharp@example.com,Ireland,2025-09-13
James,Fuller,kathrynanderson@example.org,USA,2023-04-09
Michael,Howell,bateschristopher@example.net,Ireland,2024-03-23
Joseph,Stevens,ramirezchristopher@example.com,Germany,2025-08-30
Krystal,Ramos,michaelmedina@example.org,France,2023-02-03
Roy,Jackson,mtaylor@example.com,France,2024-01-23
Kyle,Martinez,amy70@example.org,Canada,2023-12-10
David,Tyler,deniseclark@example.com,Spain,2023-05-22
Emily,Conley,hvaldez@example.net,Canada,2023-04-17
Travis,Bryant,vcolon@example.net,Canada,2024-09-24
Kathleen,Luna,carrie59@example.com,UK,2025-02-25
Steven,Romero,matthewjohnson@example.com,Australia,2024-06-01
Monica,Wilson,harrellluis@example.org,Canada,2025-07-30
Tanya,Banks,shieldsbrian@example.net,Ireland,2024-10-09
Jeanette,Dunlap,scottpowell@example.com,France,2024-04-26
Jessica,Cruz,christine38@example.org,UK,2023-02-13
Amy,Hicks,qbrown@example.com,USA,2023-09-09
Elizabeth,Stevenson,tiffanynichols@example.org,Australia,2023-09-27
Thomas,Lang,krista56@example.net,France,2025-06-29
Gregory,Cabrera,brandonjackson@example.org,Ireland,2024-11-27
Ashley,Spears,nicoleanderson@example.org,Germany,2025-09-09
Amanda,Zhang,floresnicholas@example.org,usa,2024-09-17
Nicholas,Mann,kimberly89@example.org,france,2024-10-31
Justin,Bennett,cynthia76@example.org,Spain,2023-10-12
Jonathan,Duncan,amber16@example.com,Spain,2023-07-03
Jonathan,Wood,rodriguezmichael@example.com,Germany,2024-10-12
Matthew,Taylor,brownrachel@example.com,France,2023-05-29
Shelby,Norman,  daniellegardner@example.com  ,Canada,2024-08-22
Jennifer,Jones,henryrichard@example.com,Australia,2024-08-21
Annette,Martinez,fitzgeraldkaren@example.com,Spain,2024-02-01
Elizabeth,Carpenter,crystalcox@example.org,Spain,2024-11-12
Daniel,Martin,snowmichael@example.net,USA,2023-09-12
Jane,Lewis,  jordansmith@example.com  ,Ireland,2023-06-11
Miguel,Stone,tuckerchristina@example.org,France,2025-03-19
Jason,Ingram,jamie28@example.org,Spain,2024-05-17
Rachel,Erickson,  josephhudson@example.org  ,Germany,2025-11-09
Chelsea,Heath,sarah49@example.org,Ireland,2025-03-24
Aaron,Browning,alexandriatyler@example.com,USA,2025-08-05
Karina,Harper,anewman@example.net,France,2024-11-29
Jesse,Herrera,melissa09@example.org,France,2024-08-14
Devin,Taylor,zacharycampbell@example.org,Australia,2023-02-04
Courtney,James,,Germany,2025-08-24
Angela,Gordon,todd79@example.com,canada,2025-12-13
Sherri,Nichols,  jacquelinemosley@example.com  ,Spain,2025-06-06
Tina,Reed,bassandrew@example.org,USA,2025-09-14
Elizabeth,Wong,loretta80@example.org,USA,2023-02-15
Jose,Clark,mooregwendolyn@example.org,France,2023-08-15
Katie,Reynolds,pjohnson@example.net,Spain,2023-01-03
Teresa,Marshall,webbjohn@example.com,USA,2025-03-11
Pamela,Graves,christine53@example.org,Germany,2025-05-05
Candice,Gomez,hudsonkathryn@example.net,UK,2024-03-16
Melissa,Wilson,williamturner@example.org,Spain,2023-05-30
Spencer,Lopez,walkerchristine@example.org,UK,2023-07-27
Richard,Gutierrez,william38@example.org,Spain,2023-04-18
Amanda,Johnson,francosandra@example.org,UK,2024-05-25
Janice,Moreno,miranda25@example.net,Germany,2024-05-27
Kristin,Mckee,hbutler@example.org,Australia,2023-01-15
Jerome,Lee,nhenderson@example.com,Australia,2025-07-25
Monique,Jackson,laurajackson@example.org,USA,2025-04-22
Lindsay,Jenkins,john14@example.org,Canada,2024-12-27
Lucas,Glass,dickersonchristopher@example.org,Canada,2024-10-05
Scott,Wagner,cassie54@example.com,UK,2024-09-12
Matthew,Allen,andrew08@example.net,UK,2023-07-04
David,Hanson,fware@example.org,Spain,2023-01-02
Gary,Alexander,cbush@example.net,USA,2024-02-25
Stephanie,Williams,matthew49@example.com,Australia,2025-07-31
Tara,Lee,jonesmichael@example.net,UK,2024-07-13
Thomas,Jackson,collinsdiana@example.org,Germany,2025-06-10
Daniel,Glass,mjohnson@example.com,Ireland,2024-07-19
Laura,Evans,cookcathy@example.com,Australia,2024-03-20
Larry,Carpenter,simsrachel@example.com,Germany,2023-05-22
Lisa,Taylor,moyerheather@example.net,Australia,2023-04-08
Rebecca,White,alangreen@example.org,France,2023-03-13
Christopher,Collins,cabreradonna@example.com,USA,2024-08-13
Wendy,Miller,kkennedy@example.org,Ireland,2023-04-11
Tiffany,Thomas,jwu@example.com,UK,2025-11-26
Ashley,Garrison,xreese@example.com,France,2025-07-24
Amanda,Watson,emily40@example.net,UK,2023-04-06
Ashley,Arnold,ychristensen@example.net,UK,2025-03-20
Paul,Stephens,pbeck@example.com,Ireland,2024-09-11
Kimberly,Jones,fhunter@example.com,Australia,2024-03-07
Ivan,Ramos,craig45@example.org,Australia,2024-04-21
Thomas,Welch,flowe@example.com,Canada,2023-09-06
George,Williams,christophersosa@example.com,Spain,2023-11-06
April,Wright,  larryjames@example.net  ,Ireland,2024-01-25
Mary,Morales,beverlyadams@example.com,UK,2024-02-02
Misty,Perry,rmurray@example.com,Ireland,2023-12-28
Cynthia,Lowery,idixon@example.com,France,2025-07-01
Jordan,Stewart,xhoward@example.org,Ireland,2024-09-21
Anna,Porter,christinacampbell@example.com,Spain,2024-06-16
Larry,Aguilar,summersrandy@example.org,Spain,2023-11-22
Christopher,Sweeney,randybell@example.com,USA,2024-12-20
Steven,Crawford,erik94@example.net,Spain,2025-06-30
John,Anderson,weberchristopher@example.net,Germany,2025-07-01
Jacqueline,Davis,zroberson@example.net,Germany,2025-08-06
Joshua,Taylor,jademiller@example.org,Spain,2025-07-08
Lisa,Graham,xlee@example.net,Ireland,2024-03-13
Jamie,Kelley,ortizbrandon@example.org,Spain,2024-05-08
Beth,Bradley,sarah01@example.com,USA,2024-12-12
Lee,York,tony47@example.com,Canada,2025-04-01
Darryl,Harris,  tsanford@example.net  ,USA,2025-09-12
Joshua,Morgan,hthompson@example.com,USA,2025-06-19
Brandon,Boone,traci05@example.net,Ireland,2023-06-02
David,Lynn,frankpark@example.com,Canada,2025-10-18
Brenda,Thornton,christopherguzman@example.net,USA,2023-09-27
Brad,Boone,hensondennis@example.org,germany,2023-09-23
Austin,Miller,jenniferbaker@example.com,Germany,2025-06-08
Melissa,Lawson,patricia95@example.net,ireland,2024-04-01
Angela,Ford,amyperry@example.net,UK,2025-10-16
Erik,Martin,byoung@example.org,USA,2023-03-31
Travis,Perkins,gwendolyn97@example.net,Ireland,2025-07-28
Christine,Thompson,sheila16@example.net,USA,2023-04-04
Teresa,Higgins,dlong@example.org,France,2025-10-17
Daniel,Buchanan,tammy73@example.net,Spain,2024-02-03
Derrick,Nelson,westrichard@example.com,Canada,2024-10-11
John,Stark,ecantrell@example.net,Spain,2025-02-02
Teresa,Sullivan,sampsonlinda@example.net,Canada,2023-12-18
Danielle,Daniel,darrengonzalez@example.net,Australia,2025-05-06
Andrew,Ramos,karenrodriguez@example.com,Canada,2023-05-28
Geoffrey,Moon,qwalker@example.com,Germany,2023-07-26
Larry,Lindsey,rmullen@example.org,Australia,2025-04-14
Ryan,Cox,johnsonlawrence@example.net,Spain,2025-06-05
Dorothy,Dean,christineschwartz@example.org,Germany,2023-04-09
Tina,Jones,melissa72@example.net,Spain,2025-02-28
Amy,Campbell,frank71@example.net,Canada,2025-04-25
Paul,Martinez,nicholasfloyd@example.com,Canada,2025-08-19
Michele,Davis,beckercalvin@example.org,Germany,2024-09-26
Joseph,Abbott,eadams@example.org,Ireland,2024-10-04
Alexandra,Henry,saundersjessica@example.net,UK,2023-11-08
Laura,Smith,lsmith@example.com,Ireland,2024-08-21
Sydney,Gutierrez,randy93@example.org,USA,2024-03-20
Victoria,Cortez,amorrow@example.net,Spain,2023-04-27
John,Alvarez,qbaker@example.org,Ireland,2023-12-11
Spencer,Edwards,xhoffman@example.net,germany,2023-10-17
Jody,Cooper,ngutierrez@example.org,France,2023-03-03
Jodi,Williams,michael51@example.org,Ireland,2025-10-17
Ashley,Dickerson,allensabrina@example.com,Ireland,2024-01-26
Sandra,Kerr,  joannadams@example.net  ,UK,2023-03-13
Robert,Smith,jacobramos@example.org,Spain,2025-05-03
Mathew,Brewer,vspence@example.net,France,2023-11-29
Michael,Brown,bharris@example.net,France,2024-11-02
Donna,Murphy,shernandez@example.net,Canada,2025-10-21
Lauren,Stuart,reyesmark@example.com,Ireland,2023-04-12
Daniel,Bell,eramirez@example.org,UK,2025-01-19
Patrick,Morris,toddcooper@example.net,Canada,2025-06-15
Gabriel,White,jlewis@example.com,UK,2025-05-24
Kirk,Allen,goodwinamy@example.com,ireland,2025-10-03
Christina,Walters,shafferamber@example.org,USA,2024-04-23
Kaitlyn,Smith,smithbrittney@example.com,Canada,2024-02-13
Brandon,Chapman,alisha53@example.org,USA,2025-09-04
Abigail,Stone,glewis@example.org,France,2023-12-24
Allen,Fuller,tsmith@example.com,France,2025-12-28
Charles,Bautista,qarmstrong@example.org,France,2024-04-07
Joshua,Garner,alexissmith@example.org,USA,2025-12-21
Laura,Owens,louis88@example.com,Germany,2023-07-18
Robert,Lopez,  teresarichards@example.com  ,USA,2023-05-22
Keith,Curry,melissa55@example.net,Ireland,2025-12-21
Sharon,Olson,steeleyolanda@example.com,France,2023-07-11
Lisa,Baker,robertfrederick@example.com,uk,2024-03-29
Jessica,Leblanc,deborah94@example.org,UK,2025-01-24
Derek,Brooks,xschmidt@example.net,Ireland,2025-03-09
Shirley,Braun,jtran@example.com,USA,2023-11-19
Micheal,Vaughan,tammyreid@example.org,USA,2025-11-08
Christine,Miranda,colelarry@example.com,Spain,2023-08-14
Joseph,White,sarah59@example.org,Germany,2023-12-29
David,Gonzales,  stephenwhitaker@example.net  ,Ireland,2023-03-13
Barbara,Lee,alexander70@example.com,Canada,2024-03-24
Caleb,Shea,ywalls@example.com,Ireland,2025-02-10
Cassandra,Mcbride,daniel33@example.com,Germany,2023-11-29
Keith,Williams,kara12@example.org,Canada,2024-06-21
Brandon,Lopez,pallen@example.org,USA,2025-03-04
Miranda,Pruitt,nathansmith@example.net,Australia,2023-09-13
Donald,Beltran,hwilkerson@example.net,USA,2023-04-21
Rachel,Cooper,owiggins@example.net,Germany,2025-01-15
Valerie,Brown,haley14@example.com,canada,2024-09-16
Tiffany,Burton,troy13@example.org,UK,2024-05-18
Danielle,Bennett,vincentsims@example.com,USA,2025-08-13
Mark,Rangel,margaretpatel@example.org,Spain,2024-11-30
Donna,Newman,zacharyjones@example.org,Canada,2025-06-09
Robert,Jackson,danieldavis@example.net,UK,2025-02-02
Jeffrey,Benton,kwillis@example.org,Germany,2025-03-23
Patricia,Hunt,wfleming@example.org,USA,2024-03-20
Vanessa,Green,lguzman@example.com,Germany,2023-05-08
Anita,White,jennifer18@example.com,Australia,2025-06-19
Michael,Williams,,UK,2025-12-16
Miguel,Gordon,ibutler@example.com,UK,2025-11-22
Kristina,Russell,rsmith@example.com,Spain,2023-10-05
Susan,Barnes,santosandrew@example.com,Canada,2023-04-28
Susan,Price,orrsydney@example.com,Canada,2025-06-17
Tara,Baxter,brian74@example.net,France,2023-10-27
Jason,Carpenter,marybeard@example.com,France,2024-08-10
Donna,Hughes,williamsparks@example.com,Spain,2024-08-10
Jasmine,Palmer,connershawn@example.com,USA,2023-11-22
Destiny,Garcia,sean74@example.net,Germany,2023-03-24
Peter,Freeman,fpatterson@example.net,France,2025-02-27
Roger,Reid,khansen@example.org,USA,2025-06-05
Crystal,Thompson,nsparks@example.net,France,2025-12-28
Linda,Walker,petersonpaul@example.com,Australia,2024-02-16
Matthew,Collier,xlewis@example.com,Ireland,2024-11-18
Julia,Ryan,geraldjackson@example.net,Germany,2024-09-23
Andrew,Hernandez,ujohnson@example.net,USA,2024-09-30
Andrea,Gray,  patrick48@example.net  ,USA,2025-09-03
Christine,Hill,erikadiaz@example.org,France,2024-09-04
Eric,Brock,owilliams@example.org,Spain,2025-01-08
Kelly,Hamilton,kimberlygray@example.org,France,2025-10-11
Dan,Sampson,rhodesmarilyn@example.org,Spain,2025-05-05
Monica,Blanchard,rodriguezchad@example.com,France,2025-02-24
John,Holland,sheilafloyd@example.org,ireland,2024-08-27
Samantha,Oconnell,igolden@example.net,France,2024-07-26
Michael,Contreras,fmcconnell@example.com,USA,2024-10-16
Juan,Rasmussen,melissanguyen@example.net,Canada,2025-05-08
Elizabeth,Johnson,weverett@example.net,Spain,2025-03-29
Kelly,Perry,amandahanson@example.org,Germany,2024-05-30
Michael,Herrera,clarkdiana@example.org,USA,2024-11-05
Chelsea,White,troy72@example.org,USA,2025-08-30
Tina,Klein,olamb@example.org,Spain,2024-05-14
Lauren,Campbell,hayesdaniel@example.com,Ireland,2025-06-12
Julie,Cooper,davisdavid@example.com,France,2023-01-24
Susan,Walker,dbrown@example.com,Spain,2025-03-07
Kenneth,Vargas,jonathanleon@example.com,USA,2024-10-22
Phillip,Clark,collin01@example.net,france,2023-04-18
Jose,Park,michaeljones@example.org,Australia,2025-01-05
Christina,Pearson,lsuarez@example.org,Germany,2025-10-22
Patricia,Sullivan,johnsonsandra@example.net,Germany,2024-09-14
April,Pham,,USA,2023-08-01
Douglas,Roberts,monique20@example.com,France,2023-12-04
Jim,Skinner,karengutierrez@example.com,Ireland,2023-01-20
William,Benton,rogerschad@example.org,Spain,2023-10-03
Kathy,Conway,dillondavis@example.com,France,2024-05-21
Joshua,Stafford,manuel27@example.org,USA,2025-04-20
Kaitlyn,Harris,laurawood@example.net,USA,2024-09-28
Jonathan,Moore,karen46@example.org,Spain,2024-09-17
Christopher,Petty,pmathis@example.com,canada,2023-04-12
Ann,Walker,gmoore@example.net,Germany,2023-09-09
Jonathan,Hodge,breed@example.org,Canada,2025-08-07
Mary,Lewis,charlescoleman@example.net,Australia,2025-03-09
Charles,Miller,john36@example.org,Canada,2024-08-02
Caroline,Warren,ramirezmadison@example.net,germany,2024-04-13
Joseph,Collins,william81@example.com,UK,2024-08-26
Anthony,Nichols,joyceramos@example.net,France,2025-02-04
Jessica,Carroll,jose25@example.org,Australia,2024-06-05
Michael,Smith,coconnell@example.net,Spain,2025-07-17
Cindy,Hendricks,lambertandrea@example.net,Australia,2024-05-07
Nicole,Salas,maria15@example.com,UK,2025-08-30
Michael,Cole,bellashley@example.net,Canada,2024-07-24
Leslie,Boyer,wpace@example.com,Spain,2025-03-07
Robert,Schmidt,davidlee@example.com,Canada,2025-06-18
Matthew,Evans,perezjohnny@example.org,Germany,2024-12-23
Michael,Carlson,markallison@example.org,USA,2024-02-26
Teresa,Morgan,deborahmorales@example.org,UK,2024-02-18
Brandon,Pierce,npayne@example.com,Germany,2025-09-05
Savannah,Jennings,vrich@example.com,USA,2023-04-04
Rebecca,Gonzalez,osbornkimberly@example.com,Germany,2023-03-08
Jessica,Gilbert,heidiochoa@example.com,Spain,2024-01-06
Matthew,Costa,sward@example.com,UK,2024-03-30
William,Snyder,xthomas@example.com,Australia,2024-06-02
Melinda,Hart,anthony24@example.com,Canada,2023-08-30
Amanda,Boyle,justin66@example.com,Canada,2025-09-24
Joshua,Coleman,thomasallen@example.com,Spain,2024-01-21
Andrew,Mueller,rachel06@example.org,Australia,2023-08-09
Terrence,Welch,pholder@example.net,France,2025-08-27
Joann,Rose,clarkmichael@example.com,usa,2023-10-13
Charles,Blackburn,bryantjohn@example.org,Australia,2025-07-31
Michael,Ruiz,timothyjackson@example.org,Australia,2025-12-20
Jennifer,Weaver,janet24@example.net,UK,2025-08-28
Ashlee,Henderson,  kristensheppard@example.com  ,Spain,2024-05-01
Jacob,Nguyen,martin08@example.net,Ireland,2023-06-25
Christina,Miller,lukebates@example.com,Spain,2024-03-18
Lisa,Stephens,lindawalker@example.org,ireland,2024-06-16
Francis,Turner,jamestran@example.com,France,2025-09-27
Samuel,Weber,courtneyhopkins@example.com,Spain,2024-12-01
Andrew,Smith,lperry@example.org,Australia,2023-11-27
Marcus,Perez,mark65@example.net,france,2023-07-21
Alan,Green,hansondiane@example.net,USA,2025-01-20
Marcus,Morris,coreyrose@example.com,USA,2023-07-17
Jorge,Martinez,robert24@example.net,UK,2023-09-13
Stephanie,Weiss,hughesjonathan@example.org,Canada,2023-08-26
Denise,Perry,kentcraig@example.com,France,2023-08-12
Michael,Camacho,paige50@example.net,Germany,2024-12-10
Rebecca,Mendoza,doylegabriel@example.net,USA,2025-09-17
David,Wood,andrea09@example.org,France,2025-02-23
Timothy,Young,debra89@example.org,France,2025-11-27
Frederick,Carpenter,gary68@example.org,Ireland,2025-07-07
John,Brown,kelly52@example.org,canada,2023-09-24
Julie,Watson,bryan01@example.org,Spain,2023-06-23
Kimberly,Williams,vickiebeltran@example.com,USA,2024-07-14
Dominique,Sims,kristin84@example.org,UK,2023-10-22
Kristina,Miller,brittanygonzalez@example.org,USA,2023-08-26
Dylan,Bridges,christopher32@example.net,Germany,2023-02-26
Donald,Bennett,brandon09@example.org,Canada,2025-11-10
Christian,Archer,nbarnes@example.net,France,2024-06-17
Kathleen,Brooks,christian13@example.com,France,2024-02-21
Ashlee,Jackson,fritzshane@example.com,Canada,2025-03-04
Ashley,Walker,lyonsdaniel@example.org,Spain,2023-09-21
Patrick,Johnson,vclark@example.org,Spain,2023-05-08
Christopher,Robbins,frederick71@example.com,France,2025-01-19
Jennifer,Jenkins,  christineallen@example.com  ,France,2024-02-02
Daniel,Hines,jacksonkristin@example.net,Germany,2024-06-06
Matthew,Charles,jesse21@example.com,Germany,2023-05-28
Alexander,White,jruiz@example.org,Germany,2025-04-11
Charles,Graham,kevinbarrett@example.net,France,2023-04-11
Brian,Collins,mcguiregloria@example.net,France,2024-05-21
Robert,Ellison,mitchellalan@example.net,Ireland,2025-04-21
Briana,Kelly,christina34@example.org,Canada,2023-10-18
Kaitlyn,Neal,millsjoseph@example.net,Germany,2023-02-08
James,Webb,carla07@example.org,France,2025-10-13
Pamela,Garcia,scottjared@example.com,France,2023-02-05
Hannah,Campbell,gabriel22@example.org,USA,2023-12-27
Jonathan,Santana,atyler@example.com,Canada,2023-12-20
Paul,Vasquez,afields@example.com,France,2025-02-05
Steven,Bradley,brandysmith@example.com,Spain,2025-07-26
Dustin,Williams,castilloseth@example.net,Spain,2025-07-03
Anna,Simpson,frank00@example.org,Ireland,2023-02-18
Melissa,Rodriguez,cindysuarez@example.com,Canada,2023-09-01
Nicholas,Gilbert,klee@example.net,Australia,2025-06-05
Carol,Conway,jennifer40@example.net,USA,2024-12-02
Kelly,Webb,uneal@example.org,Spain,2025-06-27
Guy,Thomas,ncontreras@example.net,UK,2023-04-04
David,Odonnell,johnsonzachary@example.com,Spain,2025-05-28
Duane,Tran,ssellers@example.com,Ireland,2025-02-17
Kevin,Patel,  joe51@example.org  ,UK,2023-01-21
Erica,Holmes,annaguzman@example.com,Germany,2025-08-01
Leslie,Ramirez,pecknathan@example.com,australia,2025-01-21
Robert,Smith,lorigraves@example.com,Australia,2023-10-23
Pamela,Ward,tammymcdonald@example.net,Germany,2025-03-07
Melissa,Mills,martinmatthew@example.net,Canada,2023-12-26
Richard,Sanchez,gwalker@example.org,USA,2025-11-30
David,Jackson,angela35@example.net,Ireland,2025-07-09
Courtney,Tucker,moranzachary@example.net,Canada,2023-03-05
Fred,Brown,fergusontroy@example.org,spain,2024-08-30
Ashley,Buckley,  erin59@example.com  ,USA,2024-01-25
Craig,Hull,ayalagregory@example.net,USA,2025-09-28
David,Brock,nathan48@example.net,UK,2025-03-22
Alicia,Mcmillan,fredbailey@example.net,USA,2024-11-29
Shannon,Mckenzie,austinpeterson@example.com,Australia,2024-12-08
Adam,Ward,deborah02@example.net,Ireland,2025-05-19
Denise,Sullivan,jameskramer@example.com,USA,2025-05-17
Andrew,Reynolds,patricksmith@example.net,UK,2024-08-03
Wendy,Gray,brittanygonzalez@example.com,Spain,2023-07-13
Robert,Johnson,gary79@example.net,Australia,2024-07-22
Jennifer,Chang,wendychase@example.org,Ireland,2025-01-22
Gina,Barber,  emoore@example.org  ,Canada,2024-02-25
Michael,Clay,  mwalker@example.org  ,UK,2025-03-16
Deborah,Carpenter,hrose@example.com,UK,2023-11-24
Rachel,Browning,ericavega@example.net,USA,2024-11-11
Marissa,Young,mary28@example.org,Germany,2024-07-18
Craig,Vaughn,jeffreywright@example.net,Canada,2024-06-15
Gwendolyn,Weber,hwilson@example.net,USA,2024-07-26
Stanley,Simpson,deborahclark@example.org,Germany,2025-07-07
Keith,Willis,timothyadkins@example.org,UK,2025-10-11
Antonio,Contreras,mcollins@example.org,Spain,2023-11-04
Michael,Moore,wagnerjon@example.org,UK,2024-04-06
Patricia,Wheeler,casejennifer@example.com,USA,2023-05-02
Daniel,Perry,yyoung@example.com,uk,2023-07-16
David,Griffin,lisa02@example.net,ireland,2024-06-19
Morgan,Walker,anthony77@example.org,Germany,2024-03-19
Thomas,Moore,natalie94@example.net,spain,2025-09-03
Rachel,Ortega,gparsons@example.net,USA,2025-04-19
Michael,Jacobs,,France,2023-01-15
Jennifer,Ward,christian78@example.org,Canada,2023-09-22
Brandon,Ramirez,hilldebra@example.com,USA,2023-07-15
Laura,Odonnell,hickslisa@example.com,UK,2024-03-22
Alfred,Hernandez,nmiles@example.com,France,2024-10-31
Jason,Wilson,brianhatfield@example.org,UK,2025-01-18
Steven,Stanton,mcgrathlisa@example.com,USA,2025-02-20
Ian,Turner,gabrielle42@example.com,UK,2024-07-15
Sharon,Ray,adam70@example.com,Canada,2025-02-14
Jeremy,Hernandez,klopez@example.com,Australia,2023-08-13
Christian,Hunter,joshua37@example.com,Australia,2023-11-08
Mark,George,reyesronald@example.com,UK,2025-07-16
Jennifer,Evans,holly42@example.com,UK,2024-11-25
Dana,Mcdonald,,Spain,2023-05-17
Kristina,Rose,squinn@example.com,Germany,2025-09-24
Sharon,Russo,jclark@example.org,Canada,2025-07-27
Martha,Foster,jason09@example.com,france,2025-05-27
Sarah,Sanchez,washingtonbrenda@example.com,Germany,2023-05-17
Andrew,Wilkinson,walkerjohn@example.net,France,2025-01-02
Tammie,Adams,savannah46@example.org,USA,2023-06-15
Paige,Fisher,jacksonrichard@example.net,UK,2024-11-18
Andrea,Austin,stephenfoster@example.net,Canada,2023-09-08
Zachary,Munoz,comptonjennifer@example.com,Ireland,2023-07-23
Anna,Wheeler,  jwallace@example.net  ,Ireland,2025-03-27
Tyler,Ross,jamesgomez@example.net,France,2023-01-12
Steven,Howard,paulawright@example.org,Ireland,2025-12-26
Connie,Chandler,bowersshannon@example.com,Australia,2025-05-19
Cheyenne,Garcia,kparker@example.net,Australia,2025-11-07
Robert,Thomas,melaniefowler@example.org,Canada,2025-11-14
Eric,Larson,  william90@example.org  ,Spain,2023-01-07
Emma,Owens,daydean@example.net,Spain,2023-11-27
James,Anderson,tracy25@example.com,Germany,2023-05-17
Thomas,Scott,susan49@example.net,France,2025-01-12
Timothy,Jones,tammylucas@example.com,Canada,2023-02-19
Robert,Holloway,laurafuller@example.com,UK,2023-11-27
Eric,Hernandez,andreasexton@example.org,France,2023-12-20
Robert,Owen,  hollymontgomery@example.org  ,Australia,2024-06-06
Hannah,Johnson,hillsherry@example.net,Ireland,2024-01-26
Stacy,Brown,sarah82@example.net,UK,2024-08-20
Charles,Smith,robert24@example.com,Ireland,2024-10-04
Barry,Cervantes,richardfranklin@example.org,Germany,2025-07-11
Oscar,Blevins,  brian04@example.org  ,Australia,2024-06-02
Kimberly,Miller,  udiaz@example.com  ,Spain,2025-07-25
Jessica,Garner,landrytroy@example.net,uk,2023-07-29
Joseph,Mckinney,edward06@example.com,Ireland,2025-08-11
Denise,Leon,  blackjustin@example.com  ,Canada,2025-12-31
Rebecca,Davila,smithrichard@example.com,UK,2024-06-23
Chase,Finley,olivia43@example.com,Germany,2023-06-28
Stephen,Lowery,lcollins@example.org,Spain,2023-08-02
Kathleen,Scott,toddadams@example.org,USA,2024-04-01
Brian,Johnson,duncankristina@example.net,Ireland,2025-08-07
Mary,Yates,april49@example.net,Ireland,2024-06-19
Gavin,Love,tamara63@example.com,France,2025-03-22
Timothy,Mendez,grantdavid@example.org,UK,2025-02-10
Kelly,Huang,alan11@example.com,Australia,2025-10-22
Blake,Cole,  kathy16@example.org  ,France,2025-07-06
Pamela,Sutton,dennismoore@example.org,Australia,2024-08-24
Amanda,Park,kimberlycarlson@example.net,Spain,2025-11-26
Katrina,Anderson,garciakylie@example.net,Canada,2024-12-15
Miguel,Maxwell,jessicabaker@example.net,Germany,2024-07-01
Eric,Richards,  nicholasmclaughlin@example.net  ,Germany,2025-04-14
Matthew,Welch,ybecker@example.org,Spain,2025-07-07
Justin,Logan,robert66@example.org,Canada,2024-06-14
Jacob,Hawkins,  evan06@example.net  ,France,2025-09-24
Julie,Whitney,robertsonmelanie@example.com,Australia,2025-12-14
Erica,Dixon,cmartinez@example.net,Canada,2023-03-07
Cindy,Pearson,amanda90@example.com,Spain,2024-07-06
Gloria,Walsh,lesliesimmons@example.net,Ireland,2024-06-22
Brandon,Yang,thomas95@example.net,Canada,2025-03-02
Robert,Dodson,harrisdwayne@example.org,Germany,2024-02-06
Cynthia,Poole,nelsonvictor@example.org,Canada,2024-01-25
James,Decker,larry67@example.org,France,2024-03-03
Jennifer,Flores,ljohnson@example.com,UK,2024-08-05
Madeline,Dalton,davidmitchell@example.org,France,2025-05-18
Jonathan,Oneal,heather94@example.net,USA,2023-06-24
Jacob,Ortega,nelsontracy@example.net,Ireland,2023-08-17
Angela,Ritter,hendersondylan@example.net,Canada,2024-04-06
Reginald,Miller,beltranvanessa@example.org,Germany,2025-01-18
Patrick,Knight,larsonjohn@example.org,Canada,2025-03-10
Julie,Morse,reynoldsgregory@example.com,Spain,2023-02-16
Randy,Ramirez,theresa23@example.org,Germany,2024-05-08
Cynthia,Mckee,smitholivia@example.com,France,2025-07-25
Douglas,Obrien,heather18@example.net,Spain,2025-04-12
Carolyn,Tanner,bperez@example.com,France,2025-11-18
Craig,Glenn,linda68@example.org,Ireland,2025-12-12
Brenda,Patel,scastro@example.net,France,2025-04-19
Steven,Hutchinson,jacobsonjennifer@example.com,Canada,2023-03-02
Jennifer,Carr,donaldaguilar@example.org,Canada,2025-11-18
Joshua,Carter,angela18@example.org,UK,2023-03-07
Christopher,Prince,vwright@example.net,Canada,2024-04-28
Terrence,Ferrell,johnsonkevin@example.net,Germany,2024-08-17
Amber,Williams,annrowe@example.com,UK,2025-08-10
Brenda,Smith,christopher13@example.org,Canada,2023-02-07
Scott,Dean,rosalesjohn@example.org,Canada,2023-04-27
Theodore,Jones,anthony58@example.com,France,2025-11-22
Mary,Lee,deborah51@example.com,Spain,2023-09-18
Joseph,Solomon,christy80@example.org,Australia,2024-11-25
Kelly,Johnson,austin73@example.com,Australia,2024-11-16
Gloria,Brown,floresjacqueline@example.com,USA,2024-10-16
Stephen,Jones,lowelori@example.org,UK,2023-03-09
Rhonda,Wright,carlossimmons@example.com,Ireland,2023-07-26
Abigail,Ramirez,ramirezjoel@example.net,Germany,2025-03-09
Stephanie,Hoffman,dennishernandez@example.com,Canada,2023-07-14
Jeffrey,Sparks,owalker@example.org,France,2024-06-18
Nathan,Baker,mlee@example.net,UK,2024-08-07
Ann,Carter,  crawfordmichael@example.net  ,Ireland,2024-02-16
Cody,Martinez,folson@example.net,Canada,2023-01-12
Michelle,Werner,websterholly@example.org,Ireland,2024-07-20
Marie,Khan,dorozco@example.com,Spain,2025-12-12
Brittany,Brown,jessicabutler@example.com,Germany,2023-07-20
Stephanie,Foster,pherring@example.net,Germany,2025-02-24
James,Harris,  lawrencemata@example.org  ,USA,2024-09-27
Daniel,Sullivan,johnwilliams@example.net,Germany,2023-12-28
David,Salazar,eschmidt@example.net,Australia,2023-11-04
Renee,Scott,susan55@example.com,Australia,2024-03-23
Brian,Brown,travismullins@example.com,UK,2024-10-24
Julie,Edwards,burkedarlene@example.org,Ireland,2025-09-30
Lisa,Lynch,tjones@example.org,Spain,2023-05-15
Amy,Mendez,gomezmatthew@example.com,Spain,2023-12-01
Andrew,Patterson,,Australia,2024-11-14
Alicia,Dunlap,debrawilliams@example.org,UK,2023-08-07
Edward,Vazquez,,France,2023-07-24
Patrick,Miller,david56@example.net,Germany,2024-06-16
Donald,Villanueva,elliskevin@example.net,spain,2024-01-10
Alexis,Patrick,wallacelaura@example.net,Germany,2024-05-29
Robin,Brown,wendymoore@example.com,Spain,2023-04-21
Jessica,Boyle,pamela16@example.org,USA,2024-01-04
Jessica,Wilson,steven16@example.net,Germany,2025-08-08
Rachel,Khan,ian12@example.net,Canada,2024-06-26
Pamela,Bernard,cwest@example.org,UK,2023-10-25
Anthony,Quinn,egomez@example.net,USA,2023-01-25
James,Lopez,daviladustin@example.org,Australia,2025-06-20
Danielle,Holland,,USA,2025-06-28
John,Ortega,alvarezcarrie@example.org,Australia,2025-01-30
Caleb,Lopez,andreacampos@example.net,USA,2024-04-14
Diane,Mitchell,kelleydonna@example.net,Australia,2023-01-09
Karen,Long,lopezkristin@example.org,Canada,2024-11-03
Kim,Miller,johnsonnicolas@example.org,UK,2024-07-05
Laura,Walker,xday@example.net,USA,2024-03-28
Chad,Andrews,jamie11@example.com,usa,2025-05-05
Beverly,Rogers,arthurmclaughlin@example.net,Spain,2023-09-12
Kevin,Mcintosh,wellsregina@example.org,USA,2025-10-15
Jessica,Nelson,hooverannette@example.org,UK,2024-11-21
Michael,Myers,vmartin@example.com,ireland,2023-08-25
Alexandria,Thompson,sjones@example.net,Canada,2023-04-11
Todd,Barnett,jacob38@example.org,Spain,2023-06-03
James,Mcbride,melinda48@example.com,Spain,2023-06-16
Audrey,Lawson,williamcarlson@example.com,Australia,2025-02-14
Nathan,Terrell,cgarrett@example.net,UK,2024-05-02
Gary,Boyer,frose@example.org,USA,2025-01-30
Meghan,Jennings,,France,2024-07-08
Bethany,Holloway,laurengarner@example.com,Ireland,2025-10-31
Tamara,Coleman,brent12@example.org,USA,2024-03-04
Amber,Gilmore,mhenry@example.com,Spain,2024-10-25
Dawn,Gonzalez,wisestephanie@example.org,canada,2024-10-04
David,Huff,stephaniemiller@example.com,France,2025-04-16
Gabriela,Fisher,maddoxdavid@example.net,Canada,2025-06-20
Kimberly,Bennett,baileybrian@example.com,France,2023-05-02
James,Gregory,amartin@example.org,Ireland,2023-06-28
Lori,Foster,susan77@example.net,Ireland,2024-06-07
Todd,Massey,lamdavid@example.com,Canada,2025-03-16
Michelle,Pham,bsmith@example.org,Spain,2023-12-02
Gregory,Bautista,irodriguez@example.net,UK,2023-12-10
John,Owens,sarah76@example.org,Ireland,2025-09-18
Elizabeth,Cain,davidcruz@example.net,France,2023-04-04
Linda,Guerrero,meyergabriel@example.org,Ireland,2024-04-25
Lisa,Roberts,floydgregory@example.net,Spain,2025-11-24
Jason,Johnson,mary38@example.com,Ireland,2024-09-12
Jason,Cooper,schneiderandrea@example.net,Spain,2025-08-30
Reginald,Perez,,France,2025-07-28
Jo,Smith,gterry@example.org,USA,2024-07-30
Heather,Lee,david89@example.net,Australia,2023-10-20
Sarah,Le,jenniferjohnson@example.net,USA,2025-10-08
Heather,Gross,christina97@example.com,USA,2025-09-11
Jack,Lindsey,igardner@example.net,Australia,2024-09-06
Felicia,Rios,wmorris@example.com,Canada,2023-01-20
Christopher,Collins,barbersherri@example.org,Ireland,2023-02-02
Johnathan,Owens,torresdanielle@example.net,Ireland,2023-04-26
Vanessa,Alvarez,gonzalesmatthew@example.com,Spain,2023-08-09
Dennis,Butler,courtney48@example.com,germany,2025-09-22
Anna,Daniels,bgregory@example.org,Ireland,2025-08-02
Felicia,Herrera,racheljackson@example.org,UK,2025-07-05
Angela,Murphy,veronica26@example.net,Germany,2023-04-08
Samuel,Gomez,stevencarter@example.net,France,2024-06-09
Tyler,Ellis,russellkent@example.net,France,2024-12-13
Kristy,Riley,carrievance@example.org,USA,2024-07-20
Julia,Hess,pdavis@example.net,France,2023-08-13
Tara,Johnson,timothy87@example.com,Australia,2023-09-15
Lisa,Reynolds,mpierce@example.net,France,2025-02-24
Shannon,Holmes,williamsjohn@example.org,Germany,2025-11-21
Jillian,Newman,smithmichael@example.org,Ireland,2023-08-09
David,Wiggins,cesar43@example.com,Germany,2025-12-31
Norman,Osborne,elizabethmontoya@example.org,France,2025-11-14
Rachel,Zimmerman,lindsey89@example.net,Ireland,2023-07-29
Daniel,Bryant,michaelcampbell@example.com,Germany,2023-03-05
Jeremy,Stewart,williamsmike@example.com,UK,2023-09-24
Ariel,Moore,kshort@example.net,UK,2025-10-04
Mark,Shaw,ufrank@example.com,uk,2023-03-21
Terrance,Marsh,christopher63@example.net,Spain,2023-02-05
Denise,Anderson,clarkbrandi@example.com,Australia,2023-09-12
Wayne,Neal,andrew29@example.com,USA,2024-02-10
Laura,Levine,amydowns@example.org,UK,2023-11-12
Sarah,Wood,kinggabriela@example.com,Germany,2024-07-07
Jessica,Huffman,hwood@example.net,Spain,2025-12-19
Matthew,Salinas,chris56@example.com,Canada,2025-07-25
Jennifer,Lopez,emily06@example.net,Germany,2025-10-09
Mary,Lewis,davidrose@example.net,Germany,2025-09-07
Madeline,Rowland,christophermiller@example.com,Australia,2024-09-14
Martin,Hurley,lharris@example.org,France,2025-10-26
Donna,Brown,kimberlyshah@example.org,UK,2023-07-10
Jason,Pierce,lindseyruiz@example.org,France,2024-08-21
Daniel,Todd,dillonjimmy@example.org,Spain,2023-03-03
Ian,Brewer,joseph14@example.net,France,2025-03-08
Melanie,Rivera,codypeterson@example.org,Germany,2024-06-13
Gina,Snyder,  yarnold@example.net  ,UK,2024-04-04
Alexander,Hall,nelsonrobin@example.net,Ireland,2025-01-05
Scott,Douglas,michelleosborn@example.com,Canada,2023-04-20
Jonathan,Shaffer,jthomas@example.net,UK,2025-04-15
William,Davis,amberschroeder@example.net,USA,2023-04-20
Rachel,Hernandez,johngriffin@example.net,UK,2025-01-10
Christopher,Edwards,krausestephanie@example.com,UK,2025-05-22
Brian,Williams,brownheather@example.com,UK,2023-02-15
Tina,Bell,  garzatrevor@example.org  ,Spain,2023-06-25
Joseph,Deleon,  hayleylewis@example.com  ,Spain,2023-03-20
Jonathan,Ramos,brandall@example.org,USA,2023-06-13
Chad,Wilson,brookerandolph@example.net,Australia,2023-10-22
Kristy,Campbell,sarah25@example.org,UK,2025-07-20
Kathryn,Miller,jose41@example.net,Germany,2025-10-31
Jonathan,Zamora,juliebradley@example.com,UK,2025-06-05
Catherine,Lopez,christopher18@example.org,France,2023-05-26
Cindy,Stephens,desireemolina@example.org,Ireland,2024-12-25
Mark,Cruz,jgonzales@example.org,Canada,2025-12-28
Thomas,Long,jnichols@example.com,Spain,2025-08-21
Justin,Young,sprice@example.com,Canada,2024-06-25
Susan,Johnson,erikamcclure@example.org,USA,2025-06-04
Lisa,Diaz,jasonneal@example.com,ireland,2025-10-31
Curtis,Brown,jsmith@example.org,France,2023-02-14
Manuel,Watson,clarkgina@example.com,Canada,2024-05-10
Laura,Meyer,lambkathryn@example.com,Spain,2023-06-13
Jesse,Wells,  tbrooks@example.com  ,spain,2025-12-20
Sarah,King,rileyking@example.net,France,2023-07-18
Benjamin,Ritter,cmartinez@example.org,USA,2025-01-20
Stephanie,Hernandez,michael88@example.org,France,2023-08-29
Timothy,Maynard,stephanieclark@example.org,Canada,2024-07-16
Michael,Walker,whitejessica@example.net,Canada,2025-03-31
Crystal,Herrera,norriscrystal@example.com,Canada,2025-09-10
Mark,Wells,banksmichael@example.com,UK,2024-01-29
Jeffrey,Odonnell,lauraparker@example.org,Canada,2024-07-01
Tara,Petersen,taylorromero@example.com,USA,2023-05-24
Tamara,Mitchell,ychan@example.com,Germany,2023-10-30
Hannah,Nguyen,wtrujillo@example.net,France,2023-05-20
Robin,Bautista,charles09@example.com,Australia,2025-12-13
Holly,Mcpherson,cassie05@example.com,Ireland,2025-08-23
Benjamin,Mueller,ayalachristopher@example.net,Ireland,2025-04-30
Johnathan,Young,josetate@example.com,France,2023-11-29
Spencer,Lopez,lbrock@example.net,Canada,2023-06-25
Matthew,Sherman,,Ireland,2023-05-07
Alec,Stanton,alexismosley@example.net,UK,2025-04-10
Kimberly,Sanchez,haley86@example.net,Ireland,2024-12-02
William,Schultz,gardnerjonathan@example.net,USA,2025-08-18
Melissa,Martin,  nnorton@example.org  ,Australia,2024-07-19
Martha,Jordan,timothy81@example.net,Spain,2025-10-18
Linda,Tucker,melissamccormick@example.com,France,2025-12-22
Cassie,Edwards,  epatterson@example.org  ,Germany,2025-07-03
Laura,Webb,fwhite@example.net,France,2023-02-28
Brianna,Thornton,nroth@example.net,UK,2023-06-05
Kimberly,Stout,dwade@example.net,Australia,2025-11-24
Stephanie,Brown,zmurray@example.net,Australia,2025-03-11
Joshua,Nelson,collinsrussell@example.org,Australia,2023-03-04
Mark,Gonzalez,thompsonmelissa@example.net,Canada,2023-06-22
Joseph,Lewis,jlopez@example.org,Spain,2025-12-18
James,Benson,fernandeztonya@example.com,Canada,2023-03-23
Christina,Walsh,matthew17@example.net,UK,2025-11-09
Samantha,Brown,andersonherbert@example.org,Canada,2024-10-15
Stanley,Warren,parkerjoseph@example.org,Germany,2024-07-10
Kristina,Jones,matthew07@example.com,France,2025-01-12
Michael,Parker,amandacruz@example.org,France,2023-11-07
Richard,Fowler,greencody@example.com,Ireland,2025-08-02
Richard,Green,,USA,2025-11-02
Mary,Gonzales,aaron87@example.org,Spain,2025-10-19
Michael,Fernandez,bchavez@example.net,France,2023-06-21
Mark,Turner,fbradley@example.org,France,2025-07-06
Dennis,Krueger,brianaduncan@example.net,USA,2024-01-28
John,Lopez,randallbrandy@example.org,Australia,2024-05-08
Michelle,Huff,ucox@example.net,Spain,2023-04-05
Shannon,Mckenzie,,Australia,2025-10-10
Stephanie,Johnson,  rachael66@example.com  ,Spain,2023-02-26
Ashley,Gonzalez,connie45@example.org,USA,2024-12-30
Daniel,Ballard,wtorres@example.com,australia,2023-02-11
Frank,Hall,jared82@example.com,France,2024-06-23
Zachary,Acevedo,ffitzpatrick@example.org,Germany,2024-10-01
Theresa,Wilson,  donald03@example.com  ,Ireland,2023-02-28
Michael,Moore,,Ireland,2024-07-08
Guy,Moody,leerenee@example.org,Spain,2023-04-13
Latasha,Russell,paynevincent@example.com,USA,2025-09-09
Laurie,Marsh,kristinejones@example.org,UK,2025-09-05
James,Williams,sara13@example.net,Ireland,2025-11-25
Abigail,Johnson,lilouis@example.net,uk,2023-10-09
Amanda,Ramirez,smithtiffany@example.com,USA,2023-08-15
Cody,Lucas,matthew83@example.net,Germany,2023-03-17
Kim,Harris,vhenderson@example.com,USA,2025-03-13
Elizabeth,Cruz,ejohnson@example.com,Canada,2023-07-28
Jeffrey,Smith,smithfrancisco@example.com,Canada,2023-10-18
Jason,Rojas,sandramitchell@example.org,UK,2024-02-23
Candace,Craig,frederickmichael@example.org,Spain,2025-01-28
Richard,Galloway,sydneyday@example.com,Spain,2024-04-10
Arthur,Hatfield,angela46@example.com,France,2025-11-27
Nicole,Lawrence,uwallace@example.com,France,2023-07-13
Dennis,Miller,charlesthomas@example.org,UK,2023-03-22
Betty,Garcia,johnfreeman@example.net,usa,2025-03-23
Angie,Brown,david72@example.org,USA,2023-12-07
Anna,Brown,kward@example.org,Spain,2025-12-21
Michael,Le,kreese@example.net,France,2024-08-04
John,Garcia,gcastro@example.net,Ireland,2025-09-11
Jeff,Ray,hmurphy@example.com,UK,2023-01-05
Nathaniel,Cannon,twhite@example.org,Canada,2023-04-25
Jacob,Johnson,veronica06@example.net,Australia,2023-10-25
Bryan,Hill,jasonhamilton@example.org,UK,2025-10-10
Adam,Daniels,thompsonmatthew@example.net,Ireland,2023-10-08
Debbie,Cross,lauren17@example.net,USA,2025-10-14
Kathy,Jackson,stephaniebaxter@example.com,Ireland,2024-12-26
Paul,Miller,hollyclayton@example.com,Ireland,2025-03-09
Derek,Gordon,  fieldsrichard@example.org  ,Germany,2024-06-08
Barbara,Williams,justin77@example.net,Germany,2025-01-31
Samuel,Rodriguez,gjames@example.net,Canada,2023-03-04
Richard,Holmes,uwilliams@example.net,Australia,2025-04-01
April,Mora,chavezchristine@example.net,Ireland,2025-09-20
Michelle,Trujillo,janet19@example.com,Germany,2023-01-22
Zachary,Bartlett,atkinsdana@example.net,France,2023-06-22
Paul,Thomas,travisscott@example.com,Australia,2025-02-04
Rebecca,Hanson,careyshelby@example.com,France,2023-08-22
Dominique,Hudson,george92@example.org,UK,2024-09-03
Jesse,Jones,barrettjohn@example.net,France,2024-01-11
Daniel,Mays,waltersbrandon@example.org,Spain,2023-02-15
Justin,Levy,  zmunoz@example.com  ,France,2025-10-10
Luke,Newton,margaretmartinez@example.net,France,2025-10-06
Johnathan,Howard,maciasrobert@example.com,UK,2023-03-21
Tony,Gray,steven68@example.com,USA,2024-12-31
Shannon,Jones,pcardenas@example.com,France,2024-05-22
Joseph,Smith,bonillabradley@example.org,France,2025-01-09
Steven,Thomas,johnathanwilliams@example.net,Canada,2025-06-11
Amanda,Silva,caitlintucker@example.com,Spain,2025-08-14
Sarah,Lopez,batesjeremy@example.com,France,2023-06-08
Susan,Jenkins,thompsonjasmine@example.org,Spain,2024-07-22
Valerie,Pearson,dalvarez@example.net,Canada,2024-02-25
James,Cook,reedsamantha@example.net,Canada,2024-02-19
David,Smith,mcdonaldmolly@example.net,France,2023-01-14
Ashley,Matthews,copelandmark@example.net,Australia,2024-03-25
Tina,Castillo,josenunez@example.org,ireland,2023-02-19
Vanessa,Turner,richardwood@example.com,UK,2025-10-18
Lori,Lucero,bryanfriedman@example.net,Germany,2025-12-20
Joshua,Farmer,scottanthony@example.com,Germany,2025-01-26
James,Smith,vmay@example.com,Ireland,2023-04-03
Angela,Smith,javiercardenas@example.org,France,2023-08-08
Jennifer,Gomez,  truiz@example.com  ,UK,2023-06-25
Laura,Lopez,ycontreras@example.net,USA,2025-07-22
Michael,Gonzales,diana61@example.com,UK,2023-06-15
Jason,Mccann,victorpeterson@example.com,Australia,2023-06-27
Mary,Sims,frobertson@example.org,Ireland,2025-12-19
Martin,Foster,melanie09@example.com,USA,2023-04-28
Carlos,Thomas,hcarpenter@example.org,Germany,2023-07-27
Gabriela,Garcia,mercersamuel@example.org,UK,2025-06-23
Dana,Hernandez,csanchez@example.org,France,2024-06-08
Shannon,Harrison,  tjennings@example.org  ,France,2023-05-12
Tammy,Meadows,james25@example.net,Germany,2025-04-16
David,Rush,mclaughlinanita@example.net,USA,2025-08-30
David,Allen,susantownsend@example.org,USA,2025-11-02
Patrick,Romero,wgordon@example.com,UK,2023-05-18
Lindsay,Barrett,alexandra03@example.com,Canada,2023-08-05
Megan,Davis,tmoore@example.net,Germany,2023-03-09
Charles,Moss,vrollins@example.com,Ireland,2023-02-24
Bruce,Noble,jon23@example.com,Ireland,2023-08-30
Nicholas,Zuniga,coleryan@example.org,USA,2025-01-02
Peter,Alexander,wrivera@example.com,UK,2024-09-21
Stefanie,Moore,ndelgado@example.org,UK,2023-04-15
John,Smith,,Canada,2025-08-17
Jocelyn,Maddox,elizabethevans@example.com,UK,2023-12-10
Richard,Barrett,johnsonjustin@example.net,UK,2024-02-10
Betty,Jones,yangsarah@example.com,Ireland,2024-05-01
Trevor,Stephens,richardgriffin@example.net,France,2023-09-29
Tracy,Rodriguez,andersonjoshua@example.org,Spain,2024-01-05
Garrett,Benjamin,nicholaswilliams@example.net,Australia,2025-12-29
Jim,Black,morganbrenda@example.org,Canada,2024-07-13
Deanna,Burke,hunternelson@example.org,Canada,2023-07-24
Donna,Liu,jenniferking@example.net,Canada,2024-03-30
David,Woodward,  tami79@example.net  ,Canada,2023-06-02
Stephanie,Howard,kevin68@example.net,Ireland,2023-12-26
Ricardo,Davis,stacycontreras@example.org,Australia,2024-11-09
Cindy,Nguyen,curtisrandy@example.net,Spain,2025-09-16
Jose,Meyer,jenniferjohnson@example.com,Canada,2025-09-06
James,Allen,floresmichael@example.org,Canada,2025-11-25
Elijah,Ellis,cvasquez@example.net,UK,2024-04-14
Kelsey,Walker,monicaadams@example.org,Australia,2024-10-19
Jamie,Gonzalez,rangelkelli@example.com,Spain,2025-12-13
Paul,White,garciajessica@example.org,UK,2025-08-10
Russell,Hart,robertevans@example.com,Canada,2025-04-03
Richard,Johnson,obond@example.com,Spain,2023-11-13
Susan,Wright,justin46@example.com,Australia,2025-11-26
Margaret,Hill,zchan@example.net,Canada,2025-06-28
James,Humphrey,,UK,2025-02-14
Julie,Moore,  kevincook@example.net  ,UK,2023-03-06
Christopher,Moreno,williamtaylor@example.org,Australia,2025-09-26
Daniel,Schneider,anthony97@example.net,Germany,2023-11-25
Karen,Garza,figueroalinda@example.org,Ireland,2024-05-12
Maureen,Kelley,vmelendez@example.com,UK,2023-03-04
Allen,Boyd,martindarren@example.net,Australia,2025-08-12
Samantha,Warren,uzimmerman@example.net,Ireland,2024-11-17
Sean,Zimmerman,luiscase@example.com,France,2023-04-23
Gene,Gibson,melissa59@example.com,UK,2024-11-10
Cynthia,Santos,browntonya@example.com,UK,2023-02-09
Erica,Garcia,catherine78@example.com,Germany,2025-02-02
Vickie,Russell,pcannon@example.com,UK,2025-08-31
Dillon,Crawford,samanthaperez@example.com,Australia,2025-01-09
David,Miller,pdominguez@example.net,Spain,2023-05-22
Justin,Maddox,ramospaul@example.org,Spain,2024-10-13
Mitchell,Ramirez,john43@example.org,Ireland,2024-08-09
Julie,Harris,taylorcharles@example.com,UK,2024-01-15
Paula,Simmons,vpatel@example.com,Germany,2023-05-25
Brendan,Harper,julie23@example.com,UK,2023-04-29
Dennis,Cobb,xcarson@example.net,Germany,2024-01-18
Christina,Torres,chadsanchez@example.org,UK,2025-01-01
Jason,Rodriguez,monique59@example.org,Ireland,2023-05-20
Hannah,Hughes,john70@example.com,UK,2023-04-03
Kyle,Cochran,roypowers@example.net,Ireland,2023-02-21
Mary,Smith,patricia46@example.com,spain,2025-04-30
Derrick,Tucker,michele33@example.com,australia,2023-06-27
Mark,Hernandez,jacobnguyen@example.com,Spain,2023-05-27
David,Vance,arodriguez@example.org,Australia,2023-03-31
Taylor,Conner,jeffrey78@example.org,UK,2023-02-27
Michael,Cunningham,tholt@example.net,USA,2023-10-30
William,Wong,nbridges@example.org,Germany,2024-02-11
Angela,Keith,upatterson@example.com,France,2024-12-26
Phillip,Middleton,michael82@example.com,UK,2024-03-12
Jenna,Nelson,becksandra@example.org,Canada,2024-01-13
David,Hall,ypalmer@example.com,Ireland,2024-03-06
Paul,Sawyer,christophermcgrath@example.com,France,2023-09-25
Jennifer,Burns,jacksonwilliam@example.net,France,2024-09-10
Grant,Gonzalez,thomas18@example.net,Ireland,2025-11-20
